[
  {
    "date": "01 August, 2026",
    "day_name": "Суббота",
    "games": [
      {
        "time": "12:00",
        "teams": [
          {
            "id": 1,
            "name": "Изумрудные Стражи",
            "city": "Изумрудград"
          },
          {
            "id": 2,
            "name": "Лунные Кони",
            "city": "Луногорье"
          }
        ]
      }
    ]
  },
  {
    "date": "02 August, 2026",
    "day_name": "Воскресенье",
    "games": [
      {
        "time": "12:00",
        "teams": [
          {
            "id": 1,
            "name": "Изумрудные Стражи",
            "city": "Изумрудград"
          },
          {
            "id": 3,
            "name": "Хрустальные Флаги",
            "city": "Изумрудград"
          }
        ]
      }
    ]
  },
  {
    "date": "07 August, 2026",
    "day_name": "Пятница",
    "games": [
      {
        "time": "12:00",
        "teams": [
          {
            "id": 1,
            "name": "Изумрудные Стражи",
            "city": "Изумрудград"
          },
          {
            "id": 4,
            "name": "Ветерок-Игрун",
            "city": "Берёзовая Роща"
          }
        ]
      }
    ]
  },
  {
    "date": "08 August, 2026",
    "day_name": "Суббота",
    "games": [
      {
        "time": "12:00",
        "teams": [
          {
            "id": 1,
            "name": "Изумрудные Стражи",
            "city": "Изумрудград"
          },
          {
            "id": 5,
            "name": "Берёзовые Струны",
            "city": "Берёзовая Роща"
          }
        ]
      }
    ]
  },
  {
    "date": "09 August, 2026",
    "day_name": "Воскресенье",
    "games": [
      {
        "time": "12:00",
        "teams": [
          {
            "id": 1,
            "name": "Изумрудные Стражи",
            "city": "Изумрудград"
          },
          {
            "id": 6,
            "name": "Туманные Шалопаи",
            "city": "Туманный Перевал"
          }
        ]
      }
    ]
  },
  {
    "date": "14 August, 2026",
    "day_name": "Пятница",
    "games": [
      {
        "time": "12:00",
        "teams": [
          {
            "id": 1,
            "name": "Изумрудные Стражи",
            "city": "Изумрудград"
          },
          {
            "id": 7,
            "name": "Золотые Колокольчики",
            "city": "Туманный Перевал"
          }
        ]
      }
    ]
  },
  {
    "date": "15 August, 2026",
    "day_name": "Суббота",
    "games": [
      {
        "time": "12:00",
        "teams": [
          {
            "id": 1,
            "name": "Изумрудные Стражи",
            "city": "Изумрудград"
          },
          {
            "id": 8,
            "name": "Речной Сонет",
            "city": "Качаловка"
          }
        ]
      }
    ]
  },
  {
    "date": "16 August, 2026",
    "day_name": "Воскресенье",
    "games": [
      {
        "time": "12:00",
        "teams": [
          {
            "id": 1,
            "name": "Изумрудные Стражи",
            "city": "Изумрудград"
          },
          {
            "id": 9,
            "name": "Сказочные Нити",
            "city": "Златолесье"
          }
        ]
      }
    ]
  },
  {
    "date": "21 August, 2026",
    "day_name": "Пятница",
    "games": [
      {
        "time": "12:00",
        "teams": [
          {
            "id": 1,
            "name": "Изумрудные Стражи",
            "city": "Изумрудград"
          },
          {
            "id": 10,
            "name": "Хохотунчики",
            "city": "Бархатный Холм"
          }
        ]
      }
    ]
  },
  {
    "date": "22 August, 2026",
    "day_name": "Суббота",
    "games": [
      {
        "time": "12:00",
        "teams": [
          {
            "id": 1,
            "name": "Изумрудные Стражи",
            "city": "Изумрудград"
          },
          {
            "id": 11,
            "name": "Соломенные Валы",
            "city": "Липовый Бор"
          }
        ]
      }
    ]
  },
  {
    "date": "23 August, 2026",
    "day_name": "Воскресенье",
    "games": [
      {
        "time": "12:00",
        "teams": [
          {
            "id": 1,
            "name": "Изумрудные Стражи",
            "city": "Изумрудград"
          },
          {
            "id": 12,
            "name": "Пурпурные Мячники",
            "city": "Гусиное Копытце"
          }
        ]
      }
    ]
  },
  {
    "date": "28 August, 2026",
    "day_name": "Пятница",
    "games": [
      {
        "time": "12:00",
        "teams": [
          {
            "id": 1,
            "name": "Изумрудные Стражи",
            "city": "Изумрудград"
          },
          {
            "id": 13,
            "name": "Радужные Мосты",
            "city": "Светлый Порог"
          }
        ]
      }
    ]
  },
  {
    "date": "29 August, 2026",
    "day_name": "Суббота",
    "games": [
      {
        "time": "12:00",
        "teams": [
          {
            "id": 1,
            "name": "Изумрудные Стражи",
            "city": "Изумрудград"
          },
          {
            "id": 14,
            "name": "Одуванчиковый Отряд",
            "city": "Полянка Дубровна"
          }
        ]
      }
    ]
  },
  {
    "date": "30 August, 2026",
    "day_name": "Воскресенье",
    "games": [
      {
        "time": "12:00",
        "teams": [
          {
            "id": 1,
            "name": "Изумрудные Стражи",
            "city": "Изумрудград"
          },
          {
            "id": 15,
            "name": "Рыжие Погоны",
            "city": "Крапивное"
          }
        ]
      }
    ]
  },
  {
    "date": "04 September, 2026",
    "day_name": "Пятница",
    "games": [
      {
        "time": "12:00",
        "teams": [
          {
            "id": 1,
            "name": "Изумрудные Стражи",
            "city": "Изумрудград"
          },
          {
            "id": 16,
            "name": "Небесные Дудочки",
            "city": "Звёздный Ключ"
          }
        ]
      }
    ]
  },
  {
    "date": "05 September, 2026",
    "day_name": "Суббота",
    "games": [
      {
        "time": "12:00",
        "teams": [
          {
            "id": 1,
            "name": "Изумрудные Стражи",
            "city": "Изумрудград"
          },
          {
            "id": 17,
            "name": "Снежные Ласточки",
            "city": "Снежноград"
          }
        ]
      }
    ]
  },
  {
    "date": "06 September, 2026",
    "day_name": "Воскресенье",
    "games": [
      {
        "time": "12:00",
        "teams": [
          {
            "id": 1,
            "name": "Изумрудные Стражи",
            "city": "Изумрудград"
          },
          {
            "id": 18,
            "name": "Вишнёвые Краги",
            "city": "Вишнёвая Застава"
          }
        ]
      }
    ]
  },
  {
    "date": "11 September, 2026",
    "day_name": "Пятница",
    "games": [
      {
        "time": "12:00",
        "teams": [
          {
            "id": 1,
            "name": "Изумрудные Стражи",
            "city": "Изумрудград"
          },
          {
            "id": 19,
            "name": "Шелковые Крылья",
            "city": "Тихий Сад"
          }
        ]
      }
    ]
  },
  {
    "date": "12 September, 2026",
    "day_name": "Суббота",
    "games": [
      {
        "time": "12:00",
        "teams": [
          {
            "id": 1,
            "name": "Изумрудные Стражи",
            "city": "Изумрудград"
          },
          {
            "id": 20,
            "name": "Путешественники-Кометы",
            "city": "Дальний Бугор"
          }
        ]
      }
    ]
  },
  {
    "date": "13 September, 2026",
    "day_name": "Воскресенье",
    "games": [
      {
        "time": "12:00",
        "teams": [
          {
            "id": 2,
            "name": "Лунные Кони",
            "city": "Луногорье"
          },
          {
            "id": 3,
            "name": "Хрустальные Флаги",
            "city": "Изумрудград"
          }
        ]
      }
    ]
  },
  {
    "date": "18 September, 2026",
    "day_name": "Пятница",
    "games": [
      {
        "time": "12:00",
        "teams": [
          {
            "id": 2,
            "name": "Лунные Кони",
            "city": "Луногорье"
          },
          {
            "id": 4,
            "name": "Ветерок-Игрун",
            "city": "Берёзовая Роща"
          }
        ]
      }
    ]
  },
  {
    "date": "19 September, 2026",
    "day_name": "Суббота",
    "games": [
      {
        "time": "12:00",
        "teams": [
          {
            "id": 2,
            "name": "Лунные Кони",
            "city": "Луногорье"
          },
          {
            "id": 5,
            "name": "Берёзовые Струны",
            "city": "Берёзовая Роща"
          }
        ]
      }
    ]
  },
  {
    "date": "20 September, 2026",
    "day_name": "Воскресенье",
    "games": [
      {
        "time": "12:00",
        "teams": [
          {
            "id": 2,
            "name": "Лунные Кони",
            "city": "Луногорье"
          },
          {
            "id": 6,
            "name": "Туманные Шалопаи",
            "city": "Туманный Перевал"
          }
        ]
      }
    ]
  },
  {
    "date": "25 September, 2026",
    "day_name": "Пятница",
    "games": [
      {
        "time": "12:00",
        "teams": [
          {
            "id": 2,
            "name": "Лунные Кони",
            "city": "Луногорье"
          },
          {
            "id": 7,
            "name": "Золотые Колокольчики",
            "city": "Туманный Перевал"
          }
        ]
      }
    ]
  },
  {
    "date": "26 September, 2026",
    "day_name": "Суббота",
    "games": [
      {
        "time": "12:00",
        "teams": [
          {
            "id": 2,
            "name": "Лунные Кони",
            "city": "Луногорье"
          },
          {
            "id": 8,
            "name": "Речной Сонет",
            "city": "Качаловка"
          }
        ]
      }
    ]
  },
  {
    "date": "27 September, 2026",
    "day_name": "Воскресенье",
    "games": [
      {
        "time": "12:00",
        "teams": [
          {
            "id": 2,
            "name": "Лунные Кони",
            "city": "Луногорье"
          },
          {
            "id": 9,
            "name": "Сказочные Нити",
            "city": "Златолесье"
          }
        ]
      }
    ]
  },
  {
    "date": "02 October, 2026",
    "day_name": "Пятница",
    "games": [
      {
        "time": "12:00",
        "teams": [
          {
            "id": 2,
            "name": "Лунные Кони",
            "city": "Луногорье"
          },
          {
            "id": 10,
            "name": "Хохотунчики",
            "city": "Бархатный Холм"
          }
        ]
      }
    ]
  },
  {
    "date": "03 October, 2026",
    "day_name": "Суббота",
    "games": [
      {
        "time": "12:00",
        "teams": [
          {
            "id": 2,
            "name": "Лунные Кони",
            "city": "Луногорье"
          },
          {
            "id": 11,
            "name": "Соломенные Валы",
            "city": "Липовый Бор"
          }
        ]
      }
    ]
  },
  {
    "date": "04 October, 2026",
    "day_name": "Воскресенье",
    "games": [
      {
        "time": "12:00",
        "teams": [
          {
            "id": 2,
            "name": "Лунные Кони",
            "city": "Луногорье"
          },
          {
            "id": 12,
            "name": "Пурпурные Мячники",
            "city": "Гусиное Копытце"
          }
        ]
      }
    ]
  },
  {
    "date": "09 October, 2026",
    "day_name": "Пятница",
    "games": [
      {
        "time": "12:00",
        "teams": [
          {
            "id": 2,
            "name": "Лунные Кони",
            "city": "Луногорье"
          },
          {
            "id": 13,
            "name": "Радужные Мосты",
            "city": "Светлый Порог"
          }
        ]
      }
    ]
  },
  {
    "date": "10 October, 2026",
    "day_name": "Суббота",
    "games": [
      {
        "time": "12:00",
        "teams": [
          {
            "id": 2,
            "name": "Лунные Кони",
            "city": "Луногорье"
          },
          {
            "id": 14,
            "name": "Одуванчиковый Отряд",
            "city": "Полянка Дубровна"
          }
        ]
      }
    ]
  },
  {
    "date": "11 October, 2026",
    "day_name": "Воскресенье",
    "games": [
      {
        "time": "12:00",
        "teams": [
          {
            "id": 2,
            "name": "Лунные Кони",
            "city": "Луногорье"
          },
          {
            "id": 15,
            "name": "Рыжие Погоны",
            "city": "Крапивное"
          }
        ]
      }
    ]
  },
  {
    "date": "16 October, 2026",
    "day_name": "Пятница",
    "games": [
      {
        "time": "12:00",
        "teams": [
          {
            "id": 2,
            "name": "Лунные Кони",
            "city": "Луногорье"
          },
          {
            "id": 16,
            "name": "Небесные Дудочки",
            "city": "Звёздный Ключ"
          }
        ]
      }
    ]
  },
  {
    "date": "17 October, 2026",
    "day_name": "Суббота",
    "games": [
      {
        "time": "12:00",
        "teams": [
          {
            "id": 2,
            "name": "Лунные Кони",
            "city": "Луногорье"
          },
          {
            "id": 17,
            "name": "Снежные Ласточки",
            "city": "Снежноград"
          }
        ]
      }
    ]
  },
  {
    "date": "18 October, 2026",
    "day_name": "Воскресенье",
    "games": [
      {
        "time": "12:00",
        "teams": [
          {
            "id": 2,
            "name": "Лунные Кони",
            "city": "Луногорье"
          },
          {
            "id": 18,
            "name": "Вишнёвые Краги",
            "city": "Вишнёвая Застава"
          }
        ]
      }
    ]
  },
  {
    "date": "23 October, 2026",
    "day_name": "Пятница",
    "games": [
      {
        "time": "12:00",
        "teams": [
          {
            "id": 2,
            "name": "Лунные Кони",
            "city": "Луногорье"
          },
          {
            "id": 19,
            "name": "Шелковые Крылья",
            "city": "Тихий Сад"
          }
        ]
      }
    ]
  },
  {
    "date": "24 October, 2026",
    "day_name": "Суббота",
    "games": [
      {
        "time": "12:00",
        "teams": [
          {
            "id": 2,
            "name": "Лунные Кони",
            "city": "Луногорье"
          },
          {
            "id": 20,
            "name": "Путешественники-Кометы",
            "city": "Дальний Бугор"
          }
        ]
      }
    ]
  },
  {
    "date": "25 October, 2026",
    "day_name": "Воскресенье",
    "games": [
      {
        "time": "12:00",
        "teams": [
          {
            "id": 3,
            "name": "Хрустальные Флаги",
            "city": "Изумрудград"
          },
          {
            "id": 4,
            "name": "Ветерок-Игрун",
            "city": "Берёзовая Роща"
          }
        ]
      }
    ]
  },
  {
    "date": "30 October, 2026",
    "day_name": "Пятница",
    "games": [
      {
        "time": "12:00",
        "teams": [
          {
            "id": 3,
            "name": "Хрустальные Флаги",
            "city": "Изумрудград"
          },
          {
            "id": 5,
            "name": "Берёзовые Струны",
            "city": "Берёзовая Роща"
          }
        ]
      }
    ]
  },
  {
    "date": "31 October, 2026",
    "day_name": "Суббота",
    "games": [
      {
        "time": "12:00",
        "teams": [
          {
            "id": 3,
            "name": "Хрустальные Флаги",
            "city": "Изумрудград"
          },
          {
            "id": 6,
            "name": "Туманные Шалопаи",
            "city": "Туманный Перевал"
          }
        ]
      }
    ]
  },
  {
    "date": "01 November, 2026",
    "day_name": "Воскресенье",
    "games": [
      {
        "time": "12:00",
        "teams": [
          {
            "id": 3,
            "name": "Хрустальные Флаги",
            "city": "Изумрудград"
          },
          {
            "id": 7,
            "name": "Золотые Колокольчики",
            "city": "Туманный Перевал"
          }
        ]
      }
    ]
  },
  {
    "date": "06 November, 2026",
    "day_name": "Пятница",
    "games": [
      {
        "time": "12:00",
        "teams": [
          {
            "id": 3,
            "name": "Хрустальные Флаги",
            "city": "Изумрудград"
          },
          {
            "id": 8,
            "name": "Речной Сонет",
            "city": "Качаловка"
          }
        ]
      }
    ]
  },
  {
    "date": "07 November, 2026",
    "day_name": "Суббота",
    "games": [
      {
        "time": "12:00",
        "teams": [
          {
            "id": 3,
            "name": "Хрустальные Флаги",
            "city": "Изумрудград"
          },
          {
            "id": 9,
            "name": "Сказочные Нити",
            "city": "Златолесье"
          }
        ]
      }
    ]
  },
  {
    "date": "08 November, 2026",
    "day_name": "Воскресенье",
    "games": [
      {
        "time": "12:00",
        "teams": [
          {
            "id": 3,
            "name": "Хрустальные Флаги",
            "city": "Изумрудград"
          },
          {
            "id": 10,
            "name": "Хохотунчики",
            "city": "Бархатный Холм"
          }
        ]
      }
    ]
  },
  {
    "date": "13 November, 2026",
    "day_name": "Пятница",
    "games": [
      {
        "time": "12:00",
        "teams": [
          {
            "id": 3,
            "name": "Хрустальные Флаги",
            "city": "Изумрудград"
          },
          {
            "id": 11,
            "name": "Соломенные Валы",
            "city": "Липовый Бор"
          }
        ]
      }
    ]
  },
  {
    "date": "14 November, 2026",
    "day_name": "Суббота",
    "games": [
      {
        "time": "12:00",
        "teams": [
          {
            "id": 3,
            "name": "Хрустальные Флаги",
            "city": "Изумрудград"
          },
          {
            "id": 12,
            "name": "Пурпурные Мячники",
            "city": "Гусиное Копытце"
          }
        ]
      }
    ]
  },
  {
    "date": "15 November, 2026",
    "day_name": "Воскресенье",
    "games": [
      {
        "time": "12:00",
        "teams": [
          {
            "id": 3,
            "name": "Хрустальные Флаги",
            "city": "Изумрудград"
          },
          {
            "id": 13,
            "name": "Радужные Мосты",
            "city": "Светлый Порог"
          }
        ]
      }
    ]
  },
  {
    "date": "20 November, 2026",
    "day_name": "Пятница",
    "games": [
      {
        "time": "12:00",
        "teams": [
          {
            "id": 3,
            "name": "Хрустальные Флаги",
            "city": "Изумрудград"
          },
          {
            "id": 14,
            "name": "Одуванчиковый Отряд",
            "city": "Полянка Дубровна"
          }
        ]
      }
    ]
  },
  {
    "date": "21 November, 2026",
    "day_name": "Суббота",
    "games": [
      {
        "time": "12:00",
        "teams": [
          {
            "id": 3,
            "name": "Хрустальные Флаги",
            "city": "Изумрудград"
          },
          {
            "id": 15,
            "name": "Рыжие Погоны",
            "city": "Крапивное"
          }
        ]
      }
    ]
  },
  {
    "date": "22 November, 2026",
    "day_name": "Воскресенье",
    "games": [
      {
        "time": "12:00",
        "teams": [
          {
            "id": 3,
            "name": "Хрустальные Флаги",
            "city": "Изумрудград"
          },
          {
            "id": 16,
            "name": "Небесные Дудочки",
            "city": "Звёздный Ключ"
          }
        ]
      }
    ]
  },
  {
    "date": "27 November, 2026",
    "day_name": "Пятница",
    "games": [
      {
        "time": "12:00",
        "teams": [
          {
            "id": 3,
            "name": "Хрустальные Флаги",
            "city": "Изумрудград"
          },
          {
            "id": 17,
            "name": "Снежные Ласточки",
            "city": "Снежноград"
          }
        ]
      }
    ]
  },
  {
    "date": "28 November, 2026",
    "day_name": "Суббота",
    "games": [
      {
        "time": "12:00",
        "teams": [
          {
            "id": 3,
            "name": "Хрустальные Флаги",
            "city": "Изумрудград"
          },
          {
            "id": 18,
            "name": "Вишнёвые Краги",
            "city": "Вишнёвая Застава"
          }
        ]
      }
    ]
  },
  {
    "date": "29 November, 2026",
    "day_name": "Воскресенье",
    "games": [
      {
        "time": "12:00",
        "teams": [
          {
            "id": 3,
            "name": "Хрустальные Флаги",
            "city": "Изумрудград"
          },
          {
            "id": 19,
            "name": "Шелковые Крылья",
            "city": "Тихий Сад"
          }
        ]
      }
    ]
  },
  {
    "date": "04 December, 2026",
    "day_name": "Пятница",
    "games": [
      {
        "time": "12:00",
        "teams": [
          {
            "id": 3,
            "name": "Хрустальные Флаги",
            "city": "Изумрудград"
          },
          {
            "id": 20,
            "name": "Путешественники-Кометы",
            "city": "Дальний Бугор"
          }
        ]
      }
    ]
  },
  {
    "date": "05 December, 2026",
    "day_name": "Суббота",
    "games": [
      {
        "time": "12:00",
        "teams": [
          {
            "id": 4,
            "name": "Ветерок-Игрун",
            "city": "Берёзовая Роща"
          },
          {
            "id": 5,
            "name": "Берёзовые Струны",
            "city": "Берёзовая Роща"
          }
        ]
      }
    ]
  },
  {
    "date": "06 December, 2026",
    "day_name": "Воскресенье",
    "games": [
      {
        "time": "12:00",
        "teams": [
          {
            "id": 4,
            "name": "Ветерок-Игрун",
            "city": "Берёзовая Роща"
          },
          {
            "id": 6,
            "name": "Туманные Шалопаи",
            "city": "Туманный Перевал"
          }
        ]
      }
    ]
  },
  {
    "date": "11 December, 2026",
    "day_name": "Пятница",
    "games": [
      {
        "time": "12:00",
        "teams": [
          {
            "id": 4,
            "name": "Ветерок-Игрун",
            "city": "Берёзовая Роща"
          },
          {
            "id": 7,
            "name": "Золотые Колокольчики",
            "city": "Туманный Перевал"
          }
        ]
      }
    ]
  },
  {
    "date": "12 December, 2026",
    "day_name": "Суббота",
    "games": [
      {
        "time": "12:00",
        "teams": [
          {
            "id": 4,
            "name": "Ветерок-Игрун",
            "city": "Берёзовая Роща"
          },
          {
            "id": 8,
            "name": "Речной Сонет",
            "city": "Качаловка"
          }
        ]
      }
    ]
  },
  {
    "date": "13 December, 2026",
    "day_name": "Воскресенье",
    "games": [
      {
        "time": "12:00",
        "teams": [
          {
            "id": 4,
            "name": "Ветерок-Игрун",
            "city": "Берёзовая Роща"
          },
          {
            "id": 9,
            "name": "Сказочные Нити",
            "city": "Златолесье"
          }
        ]
      }
    ]
  },
  {
    "date": "18 December, 2026",
    "day_name": "Пятница",
    "games": [
      {
        "time": "12:00",
        "teams": [
          {
            "id": 4,
            "name": "Ветерок-Игрун",
            "city": "Берёзовая Роща"
          },
          {
            "id": 10,
            "name": "Хохотунчики",
            "city": "Бархатный Холм"
          }
        ]
      }
    ]
  },
  {
    "date": "19 December, 2026",
    "day_name": "Суббота",
    "games": [
      {
        "time": "12:00",
        "teams": [
          {
            "id": 4,
            "name": "Ветерок-Игрун",
            "city": "Берёзовая Роща"
          },
          {
            "id": 11,
            "name": "Соломенные Валы",
            "city": "Липовый Бор"
          }
        ]
      }
    ]
  },
  {
    "date": "20 December, 2026",
    "day_name": "Воскресенье",
    "games": [
      {
        "time": "12:00",
        "teams": [
          {
            "id": 4,
            "name": "Ветерок-Игрун",
            "city": "Берёзовая Роща"
          },
          {
            "id": 12,
            "name": "Пурпурные Мячники",
            "city": "Гусиное Копытце"
          }
        ]
      }
    ]
  },
  {
    "date": "25 December, 2026",
    "day_name": "Пятница",
    "games": [
      {
        "time": "12:00",
        "teams": [
          {
            "id": 4,
            "name": "Ветерок-Игрун",
            "city": "Берёзовая Роща"
          },
          {
            "id": 13,
            "name": "Радужные Мосты",
            "city": "Светлый Порог"
          }
        ]
      }
    ]
  },
  {
    "date": "26 December, 2026",
    "day_name": "Суббота",
    "games": [
      {
        "time": "12:00",
        "teams": [
          {
            "id": 4,
            "name": "Ветерок-Игрун",
            "city": "Берёзовая Роща"
          },
          {
            "id": 14,
            "name": "Одуванчиковый Отряд",
            "city": "Полянка Дубровна"
          }
        ]
      }
    ]
  },
  {
    "date": "27 December, 2026",
    "day_name": "Воскресенье",
    "games": [
      {
        "time": "12:00",
        "teams": [
          {
            "id": 4,
            "name": "Ветерок-Игрун",
            "city": "Берёзовая Роща"
          },
          {
            "id": 15,
            "name": "Рыжие Погоны",
            "city": "Крапивное"
          }
        ]
      }
    ]
  },
  {
    "date": "01 January, 2027",
    "day_name": "Пятница",
    "games": [
      {
        "time": "12:00",
        "teams": [
          {
            "id": 4,
            "name": "Ветерок-Игрун",
            "city": "Берёзовая Роща"
          },
          {
            "id": 16,
            "name": "Небесные Дудочки",
            "city": "Звёздный Ключ"
          }
        ]
      }
    ]
  },
  {
    "date": "02 January, 2027",
    "day_name": "Суббота",
    "games": [
      {
        "time": "12:00",
        "teams": [
          {
            "id": 4,
            "name": "Ветерок-Игрун",
            "city": "Берёзовая Роща"
          },
          {
            "id": 17,
            "name": "Снежные Ласточки",
            "city": "Снежноград"
          }
        ]
      }
    ]
  },
  {
    "date": "03 January, 2027",
    "day_name": "Воскресенье",
    "games": [
      {
        "time": "12:00",
        "teams": [
          {
            "id": 4,
            "name": "Ветерок-Игрун",
            "city": "Берёзовая Роща"
          },
          {
            "id": 18,
            "name": "Вишнёвые Краги",
            "city": "Вишнёвая Застава"
          }
        ]
      }
    ]
  },
  {
    "date": "08 January, 2027",
    "day_name": "Пятница",
    "games": [
      {
        "time": "12:00",
        "teams": [
          {
            "id": 4,
            "name": "Ветерок-Игрун",
            "city": "Берёзовая Роща"
          },
          {
            "id": 19,
            "name": "Шелковые Крылья",
            "city": "Тихий Сад"
          }
        ]
      }
    ]
  },
  {
    "date": "09 January, 2027",
    "day_name": "Суббота",
    "games": [
      {
        "time": "12:00",
        "teams": [
          {
            "id": 4,
            "name": "Ветерок-Игрун",
            "city": "Берёзовая Роща"
          },
          {
            "id": 20,
            "name": "Путешественники-Кометы",
            "city": "Дальний Бугор"
          }
        ]
      }
    ]
  },
  {
    "date": "10 January, 2027",
    "day_name": "Воскресенье",
    "games": [
      {
        "time": "12:00",
        "teams": [
          {
            "id": 5,
            "name": "Берёзовые Струны",
            "city": "Берёзовая Роща"
          },
          {
            "id": 6,
            "name": "Туманные Шалопаи",
            "city": "Туманный Перевал"
          }
        ]
      }
    ]
  },
  {
    "date": "15 January, 2027",
    "day_name": "Пятница",
    "games": [
      {
        "time": "12:00",
        "teams": [
          {
            "id": 5,
            "name": "Берёзовые Струны",
            "city": "Берёзовая Роща"
          },
          {
            "id": 7,
            "name": "Золотые Колокольчики",
            "city": "Туманный Перевал"
          }
        ]
      }
    ]
  },
  {
    "date": "16 January, 2027",
    "day_name": "Суббота",
    "games": [
      {
        "time": "12:00",
        "teams": [
          {
            "id": 5,
            "name": "Берёзовые Струны",
            "city": "Берёзовая Роща"
          },
          {
            "id": 8,
            "name": "Речной Сонет",
            "city": "Качаловка"
          }
        ]
      }
    ]
  },
  {
    "date": "17 January, 2027",
    "day_name": "Воскресенье",
    "games": [
      {
        "time": "12:00",
        "teams": [
          {
            "id": 5,
            "name": "Берёзовые Струны",
            "city": "Берёзовая Роща"
          },
          {
            "id": 9,
            "name": "Сказочные Нити",
            "city": "Златолесье"
          }
        ]
      }
    ]
  },
  {
    "date": "22 January, 2027",
    "day_name": "Пятница",
    "games": [
      {
        "time": "12:00",
        "teams": [
          {
            "id": 5,
            "name": "Берёзовые Струны",
            "city": "Берёзовая Роща"
          },
          {
            "id": 10,
            "name": "Хохотунчики",
            "city": "Бархатный Холм"
          }
        ]
      }
    ]
  },
  {
    "date": "23 January, 2027",
    "day_name": "Суббота",
    "games": [
      {
        "time": "12:00",
        "teams": [
          {
            "id": 5,
            "name": "Берёзовые Струны",
            "city": "Берёзовая Роща"
          },
          {
            "id": 11,
            "name": "Соломенные Валы",
            "city": "Липовый Бор"
          }
        ]
      }
    ]
  },
  {
    "date": "24 January, 2027",
    "day_name": "Воскресенье",
    "games": [
      {
        "time": "12:00",
        "teams": [
          {
            "id": 5,
            "name": "Берёзовые Струны",
            "city": "Берёзовая Роща"
          },
          {
            "id": 12,
            "name": "Пурпурные Мячники",
            "city": "Гусиное Копытце"
          }
        ]
      }
    ]
  },
  {
    "date": "29 January, 2027",
    "day_name": "Пятница",
    "games": [
      {
        "time": "12:00",
        "teams": [
          {
            "id": 5,
            "name": "Берёзовые Струны",
            "city": "Берёзовая Роща"
          },
          {
            "id": 13,
            "name": "Радужные Мосты",
            "city": "Светлый Порог"
          }
        ]
      }
    ]
  },
  {
    "date": "30 January, 2027",
    "day_name": "Суббота",
    "games": [
      {
        "time": "12:00",
        "teams": [
          {
            "id": 5,
            "name": "Берёзовые Струны",
            "city": "Берёзовая Роща"
          },
          {
            "id": 14,
            "name": "Одуванчиковый Отряд",
            "city": "Полянка Дубровна"
          }
        ]
      }
    ]
  },
  {
    "date": "31 January, 2027",
    "day_name": "Воскресенье",
    "games": [
      {
        "time": "12:00",
        "teams": [
          {
            "id": 5,
            "name": "Берёзовые Струны",
            "city": "Берёзовая Роща"
          },
          {
            "id": 15,
            "name": "Рыжие Погоны",
            "city": "Крапивное"
          }
        ]
      }
    ]
  },
  {
    "date": "05 February, 2027",
    "day_name": "Пятница",
    "games": [
      {
        "time": "12:00",
        "teams": [
          {
            "id": 5,
            "name": "Берёзовые Струны",
            "city": "Берёзовая Роща"
          },
          {
            "id": 16,
            "name": "Небесные Дудочки",
            "city": "Звёздный Ключ"
          }
        ]
      }
    ]
  },
  {
    "date": "06 February, 2027",
    "day_name": "Суббота",
    "games": [
      {
        "time": "12:00",
        "teams": [
          {
            "id": 5,
            "name": "Берёзовые Струны",
            "city": "Берёзовая Роща"
          },
          {
            "id": 17,
            "name": "Снежные Ласточки",
            "city": "Снежноград"
          }
        ]
      }
    ]
  },
  {
    "date": "07 February, 2027",
    "day_name": "Воскресенье",
    "games": [
      {
        "time": "12:00",
        "teams": [
          {
            "id": 5,
            "name": "Берёзовые Струны",
            "city": "Берёзовая Роща"
          },
          {
            "id": 18,
            "name": "Вишнёвые Краги",
            "city": "Вишнёвая Застава"
          }
        ]
      }
    ]
  },
  {
    "date": "12 February, 2027",
    "day_name": "Пятница",
    "games": [
      {
        "time": "12:00",
        "teams": [
          {
            "id": 5,
            "name": "Берёзовые Струны",
            "city": "Берёзовая Роща"
          },
          {
            "id": 19,
            "name": "Шелковые Крылья",
            "city": "Тихий Сад"
          }
        ]
      }
    ]
  },
  {
    "date": "13 February, 2027",
    "day_name": "Суббота",
    "games": [
      {
        "time": "12:00",
        "teams": [
          {
            "id": 5,
            "name": "Берёзовые Струны",
            "city": "Берёзовая Роща"
          },
          {
            "id": 20,
            "name": "Путешественники-Кометы",
            "city": "Дальний Бугор"
          }
        ]
      }
    ]
  },
  {
    "date": "14 February, 2027",
    "day_name": "Воскресенье",
    "games": [
      {
        "time": "12:00",
        "teams": [
          {
            "id": 6,
            "name": "Туманные Шалопаи",
            "city": "Туманный Перевал"
          },
          {
            "id": 7,
            "name": "Золотые Колокольчики",
            "city": "Туманный Перевал"
          }
        ]
      }
    ]
  },
  {
    "date": "19 February, 2027",
    "day_name": "Пятница",
    "games": [
      {
        "time": "12:00",
        "teams": [
          {
            "id": 6,
            "name": "Туманные Шалопаи",
            "city": "Туманный Перевал"
          },
          {
            "id": 8,
            "name": "Речной Сонет",
            "city": "Качаловка"
          }
        ]
      }
    ]
  },
  {
    "date": "20 February, 2027",
    "day_name": "Суббота",
    "games": [
      {
        "time": "12:00",
        "teams": [
          {
            "id": 6,
            "name": "Туманные Шалопаи",
            "city": "Туманный Перевал"
          },
          {
            "id": 9,
            "name": "Сказочные Нити",
            "city": "Златолесье"
          }
        ]
      }
    ]
  },
  {
    "date": "21 February, 2027",
    "day_name": "Воскресенье",
    "games": [
      {
        "time": "12:00",
        "teams": [
          {
            "id": 6,
            "name": "Туманные Шалопаи",
            "city": "Туманный Перевал"
          },
          {
            "id": 10,
            "name": "Хохотунчики",
            "city": "Бархатный Холм"
          }
        ]
      }
    ]
  },
  {
    "date": "26 February, 2027",
    "day_name": "Пятница",
    "games": [
      {
        "time": "12:00",
        "teams": [
          {
            "id": 6,
            "name": "Туманные Шалопаи",
            "city": "Туманный Перевал"
          },
          {
            "id": 11,
            "name": "Соломенные Валы",
            "city": "Липовый Бор"
          }
        ]
      }
    ]
  },
  {
    "date": "27 February, 2027",
    "day_name": "Суббота",
    "games": [
      {
        "time": "12:00",
        "teams": [
          {
            "id": 6,
            "name": "Туманные Шалопаи",
            "city": "Туманный Перевал"
          },
          {
            "id": 12,
            "name": "Пурпурные Мячники",
            "city": "Гусиное Копытце"
          }
        ]
      }
    ]
  },
  {
    "date": "28 February, 2027",
    "day_name": "Воскресенье",
    "games": [
      {
        "time": "12:00",
        "teams": [
          {
            "id": 6,
            "name": "Туманные Шалопаи",
            "city": "Туманный Перевал"
          },
          {
            "id": 13,
            "name": "Радужные Мосты",
            "city": "Светлый Порог"
          }
        ]
      }
    ]
  },
  {
    "date": "05 March, 2027",
    "day_name": "Пятница",
    "games": [
      {
        "time": "12:00",
        "teams": [
          {
            "id": 6,
            "name": "Туманные Шалопаи",
            "city": "Туманный Перевал"
          },
          {
            "id": 14,
            "name": "Одуванчиковый Отряд",
            "city": "Полянка Дубровна"
          }
        ]
      }
    ]
  },
  {
    "date": "06 March, 2027",
    "day_name": "Суббота",
    "games": [
      {
        "time": "12:00",
        "teams": [
          {
            "id": 6,
            "name": "Туманные Шалопаи",
            "city": "Туманный Перевал"
          },
          {
            "id": 15,
            "name": "Рыжие Погоны",
            "city": "Крапивное"
          }
        ]
      }
    ]
  },
  {
    "date": "07 March, 2027",
    "day_name": "Воскресенье",
    "games": [
      {
        "time": "12:00",
        "teams": [
          {
            "id": 6,
            "name": "Туманные Шалопаи",
            "city": "Туманный Перевал"
          },
          {
            "id": 16,
            "name": "Небесные Дудочки",
            "city": "Звёздный Ключ"
          }
        ]
      }
    ]
  },
  {
    "date": "12 March, 2027",
    "day_name": "Пятница",
    "games": [
      {
        "time": "12:00",
        "teams": [
          {
            "id": 6,
            "name": "Туманные Шалопаи",
            "city": "Туманный Перевал"
          },
          {
            "id": 17,
            "name": "Снежные Ласточки",
            "city": "Снежноград"
          }
        ]
      }
    ]
  },
  {
    "date": "13 March, 2027",
    "day_name": "Суббота",
    "games": [
      {
        "time": "12:00",
        "teams": [
          {
            "id": 6,
            "name": "Туманные Шалопаи",
            "city": "Туманный Перевал"
          },
          {
            "id": 18,
            "name": "Вишнёвые Краги",
            "city": "Вишнёвая Застава"
          }
        ]
      }
    ]
  },
  {
    "date": "14 March, 2027",
    "day_name": "Воскресенье",
    "games": [
      {
        "time": "12:00",
        "teams": [
          {
            "id": 6,
            "name": "Туманные Шалопаи",
            "city": "Туманный Перевал"
          },
          {
            "id": 19,
            "name": "Шелковые Крылья",
            "city": "Тихий Сад"
          }
        ]
      }
    ]
  },
  {
    "date": "19 March, 2027",
    "day_name": "Пятница",
    "games": [
      {
        "time": "12:00",
        "teams": [
          {
            "id": 6,
            "name": "Туманные Шалопаи",
            "city": "Туманный Перевал"
          },
          {
            "id": 20,
            "name": "Путешественники-Кометы",
            "city": "Дальний Бугор"
          }
        ]
      }
    ]
  },
  {
    "date": "20 March, 2027",
    "day_name": "Суббота",
    "games": [
      {
        "time": "12:00",
        "teams": [
          {
            "id": 7,
            "name": "Золотые Колокольчики",
            "city": "Туманный Перевал"
          },
          {
            "id": 8,
            "name": "Речной Сонет",
            "city": "Качаловка"
          }
        ]
      }
    ]
  },
  {
    "date": "21 March, 2027",
    "day_name": "Воскресенье",
    "games": [
      {
        "time": "12:00",
        "teams": [
          {
            "id": 7,
            "name": "Золотые Колокольчики",
            "city": "Туманный Перевал"
          },
          {
            "id": 9,
            "name": "Сказочные Нити",
            "city": "Златолесье"
          }
        ]
      }
    ]
  },
  {
    "date": "26 March, 2027",
    "day_name": "Пятница",
    "games": [
      {
        "time": "12:00",
        "teams": [
          {
            "id": 7,
            "name": "Золотые Колокольчики",
            "city": "Туманный Перевал"
          },
          {
            "id": 10,
            "name": "Хохотунчики",
            "city": "Бархатный Холм"
          }
        ]
      }
    ]
  },
  {
    "date": "27 March, 2027",
    "day_name": "Суббота",
    "games": [
      {
        "time": "12:00",
        "teams": [
          {
            "id": 7,
            "name": "Золотые Колокольчики",
            "city": "Туманный Перевал"
          },
          {
            "id": 11,
            "name": "Соломенные Валы",
            "city": "Липовый Бор"
          }
        ]
      }
    ]
  },
  {
    "date": "28 March, 2027",
    "day_name": "Воскресенье",
    "games": [
      {
        "time": "12:00",
        "teams": [
          {
            "id": 7,
            "name": "Золотые Колокольчики",
            "city": "Туманный Перевал"
          },
          {
            "id": 12,
            "name": "Пурпурные Мячники",
            "city": "Гусиное Копытце"
          }
        ]
      }
    ]
  },
  {
    "date": "02 April, 2027",
    "day_name": "Пятница",
    "games": [
      {
        "time": "12:00",
        "teams": [
          {
            "id": 7,
            "name": "Золотые Колокольчики",
            "city": "Туманный Перевал"
          },
          {
            "id": 13,
            "name": "Радужные Мосты",
            "city": "Светлый Порог"
          }
        ]
      }
    ]
  },
  {
    "date": "03 April, 2027",
    "day_name": "Суббота",
    "games": [
      {
        "time": "12:00",
        "teams": [
          {
            "id": 7,
            "name": "Золотые Колокольчики",
            "city": "Туманный Перевал"
          },
          {
            "id": 14,
            "name": "Одуванчиковый Отряд",
            "city": "Полянка Дубровна"
          }
        ]
      }
    ]
  },
  {
    "date": "04 April, 2027",
    "day_name": "Воскресенье",
    "games": [
      {
        "time": "12:00",
        "teams": [
          {
            "id": 7,
            "name": "Золотые Колокольчики",
            "city": "Туманный Перевал"
          },
          {
            "id": 15,
            "name": "Рыжие Погоны",
            "city": "Крапивное"
          }
        ]
      }
    ]
  },
  {
    "date": "09 April, 2027",
    "day_name": "Пятница",
    "games": [
      {
        "time": "12:00",
        "teams": [
          {
            "id": 7,
            "name": "Золотые Колокольчики",
            "city": "Туманный Перевал"
          },
          {
            "id": 16,
            "name": "Небесные Дудочки",
            "city": "Звёздный Ключ"
          }
        ]
      }
    ]
  },
  {
    "date": "10 April, 2027",
    "day_name": "Суббота",
    "games": [
      {
        "time": "12:00",
        "teams": [
          {
            "id": 7,
            "name": "Золотые Колокольчики",
            "city": "Туманный Перевал"
          },
          {
            "id": 17,
            "name": "Снежные Ласточки",
            "city": "Снежноград"
          }
        ]
      }
    ]
  },
  {
    "date": "11 April, 2027",
    "day_name": "Воскресенье",
    "games": [
      {
        "time": "12:00",
        "teams": [
          {
            "id": 7,
            "name": "Золотые Колокольчики",
            "city": "Туманный Перевал"
          },
          {
            "id": 18,
            "name": "Вишнёвые Краги",
            "city": "Вишнёвая Застава"
          }
        ]
      }
    ]
  },
  {
    "date": "16 April, 2027",
    "day_name": "Пятница",
    "games": [
      {
        "time": "12:00",
        "teams": [
          {
            "id": 7,
            "name": "Золотые Колокольчики",
            "city": "Туманный Перевал"
          },
          {
            "id": 19,
            "name": "Шелковые Крылья",
            "city": "Тихий Сад"
          }
        ]
      }
    ]
  },
  {
    "date": "17 April, 2027",
    "day_name": "Суббота",
    "games": [
      {
        "time": "12:00",
        "teams": [
          {
            "id": 7,
            "name": "Золотые Колокольчики",
            "city": "Туманный Перевал"
          },
          {
            "id": 20,
            "name": "Путешественники-Кометы",
            "city": "Дальний Бугор"
          }
        ]
      }
    ]
  },
  {
    "date": "18 April, 2027",
    "day_name": "Воскресенье",
    "games": [
      {
        "time": "12:00",
        "teams": [
          {
            "id": 8,
            "name": "Речной Сонет",
            "city": "Качаловка"
          },
          {
            "id": 9,
            "name": "Сказочные Нити",
            "city": "Златолесье"
          }
        ]
      }
    ]
  },
  {
    "date": "23 April, 2027",
    "day_name": "Пятница",
    "games": [
      {
        "time": "12:00",
        "teams": [
          {
            "id": 8,
            "name": "Речной Сонет",
            "city": "Качаловка"
          },
          {
            "id": 10,
            "name": "Хохотунчики",
            "city": "Бархатный Холм"
          }
        ]
      }
    ]
  },
  {
    "date": "24 April, 2027",
    "day_name": "Суббота",
    "games": [
      {
        "time": "12:00",
        "teams": [
          {
            "id": 8,
            "name": "Речной Сонет",
            "city": "Качаловка"
          },
          {
            "id": 11,
            "name": "Соломенные Валы",
            "city": "Липовый Бор"
          }
        ]
      }
    ]
  },
  {
    "date": "25 April, 2027",
    "day_name": "Воскресенье",
    "games": [
      {
        "time": "12:00",
        "teams": [
          {
            "id": 8,
            "name": "Речной Сонет",
            "city": "Качаловка"
          },
          {
            "id": 12,
            "name": "Пурпурные Мячники",
            "city": "Гусиное Копытце"
          }
        ]
      }
    ]
  },
  {
    "date": "30 April, 2027",
    "day_name": "Пятница",
    "games": [
      {
        "time": "12:00",
        "teams": [
          {
            "id": 8,
            "name": "Речной Сонет",
            "city": "Качаловка"
          },
          {
            "id": 13,
            "name": "Радужные Мосты",
            "city": "Светлый Порог"
          }
        ]
      }
    ]
  },
  {
    "date": "01 May, 2027",
    "day_name": "Суббота",
    "games": [
      {
        "time": "12:00",
        "teams": [
          {
            "id": 8,
            "name": "Речной Сонет",
            "city": "Качаловка"
          },
          {
            "id": 14,
            "name": "Одуванчиковый Отряд",
            "city": "Полянка Дубровна"
          }
        ]
      }
    ]
  },
  {
    "date": "02 May, 2027",
    "day_name": "Воскресенье",
    "games": [
      {
        "time": "12:00",
        "teams": [
          {
            "id": 8,
            "name": "Речной Сонет",
            "city": "Качаловка"
          },
          {
            "id": 15,
            "name": "Рыжие Погоны",
            "city": "Крапивное"
          }
        ]
      }
    ]
  },
  {
    "date": "07 May, 2027",
    "day_name": "Пятница",
    "games": [
      {
        "time": "12:00",
        "teams": [
          {
            "id": 8,
            "name": "Речной Сонет",
            "city": "Качаловка"
          },
          {
            "id": 16,
            "name": "Небесные Дудочки",
            "city": "Звёздный Ключ"
          }
        ]
      }
    ]
  },
  {
    "date": "08 May, 2027",
    "day_name": "Суббота",
    "games": [
      {
        "time": "12:00",
        "teams": [
          {
            "id": 8,
            "name": "Речной Сонет",
            "city": "Качаловка"
          },
          {
            "id": 17,
            "name": "Снежные Ласточки",
            "city": "Снежноград"
          }
        ]
      }
    ]
  },
  {
    "date": "09 May, 2027",
    "day_name": "Воскресенье",
    "games": [
      {
        "time": "12:00",
        "teams": [
          {
            "id": 8,
            "name": "Речной Сонет",
            "city": "Качаловка"
          },
          {
            "id": 18,
            "name": "Вишнёвые Краги",
            "city": "Вишнёвая Застава"
          }
        ]
      }
    ]
  },
  {
    "date": "14 May, 2027",
    "day_name": "Пятница",
    "games": [
      {
        "time": "12:00",
        "teams": [
          {
            "id": 8,
            "name": "Речной Сонет",
            "city": "Качаловка"
          },
          {
            "id": 19,
            "name": "Шелковые Крылья",
            "city": "Тихий Сад"
          }
        ]
      }
    ]
  },
  {
    "date": "15 May, 2027",
    "day_name": "Суббота",
    "games": [
      {
        "time": "12:00",
        "teams": [
          {
            "id": 8,
            "name": "Речной Сонет",
            "city": "Качаловка"
          },
          {
            "id": 20,
            "name": "Путешественники-Кометы",
            "city": "Дальний Бугор"
          }
        ]
      }
    ]
  },
  {
    "date": "16 May, 2027",
    "day_name": "Воскресенье",
    "games": [
      {
        "time": "12:00",
        "teams": [
          {
            "id": 9,
            "name": "Сказочные Нити",
            "city": "Златолесье"
          },
          {
            "id": 10,
            "name": "Хохотунчики",
            "city": "Бархатный Холм"
          }
        ]
      }
    ]
  },
  {
    "date": "21 May, 2027",
    "day_name": "Пятница",
    "games": [
      {
        "time": "12:00",
        "teams": [
          {
            "id": 9,
            "name": "Сказочные Нити",
            "city": "Златолесье"
          },
          {
            "id": 11,
            "name": "Соломенные Валы",
            "city": "Липовый Бор"
          }
        ]
      }
    ]
  },
  {
    "date": "22 May, 2027",
    "day_name": "Суббота",
    "games": [
      {
        "time": "12:00",
        "teams": [
          {
            "id": 9,
            "name": "Сказочные Нити",
            "city": "Златолесье"
          },
          {
            "id": 12,
            "name": "Пурпурные Мячники",
            "city": "Гусиное Копытце"
          }
        ]
      }
    ]
  },
  {
    "date": "23 May, 2027",
    "day_name": "Воскресенье",
    "games": [
      {
        "time": "12:00",
        "teams": [
          {
            "id": 9,
            "name": "Сказочные Нити",
            "city": "Златолесье"
          },
          {
            "id": 13,
            "name": "Радужные Мосты",
            "city": "Светлый Порог"
          }
        ]
      }
    ]
  },
  {
    "date": "28 May, 2027",
    "day_name": "Пятница",
    "games": [
      {
        "time": "12:00",
        "teams": [
          {
            "id": 9,
            "name": "Сказочные Нити",
            "city": "Златолесье"
          },
          {
            "id": 14,
            "name": "Одуванчиковый Отряд",
            "city": "Полянка Дубровна"
          }
        ]
      }
    ]
  },
  {
    "date": "29 May, 2027",
    "day_name": "Суббота",
    "games": [
      {
        "time": "12:00",
        "teams": [
          {
            "id": 9,
            "name": "Сказочные Нити",
            "city": "Златолесье"
          },
          {
            "id": 15,
            "name": "Рыжие Погоны",
            "city": "Крапивное"
          }
        ]
      }
    ]
  },
  {
    "date": "30 May, 2027",
    "day_name": "Воскресенье",
    "games": [
      {
        "time": "12:00",
        "teams": [
          {
            "id": 9,
            "name": "Сказочные Нити",
            "city": "Златолесье"
          },
          {
            "id": 16,
            "name": "Небесные Дудочки",
            "city": "Звёздный Ключ"
          }
        ]
      }
    ]
  },
  {
    "date": "04 June, 2027",
    "day_name": "Пятница",
    "games": [
      {
        "time": "12:00",
        "teams": [
          {
            "id": 9,
            "name": "Сказочные Нити",
            "city": "Златолесье"
          },
          {
            "id": 17,
            "name": "Снежные Ласточки",
            "city": "Снежноград"
          }
        ]
      }
    ]
  },
  {
    "date": "05 June, 2027",
    "day_name": "Суббота",
    "games": [
      {
        "time": "12:00",
        "teams": [
          {
            "id": 9,
            "name": "Сказочные Нити",
            "city": "Златолесье"
          },
          {
            "id": 18,
            "name": "Вишнёвые Краги",
            "city": "Вишнёвая Застава"
          }
        ]
      }
    ]
  }
]